tanggal,suhu_min,suhu_max,suhu_rata,kelembapan,curah_hujan,penyinaran,kecepatan_angin,bulan
2022-01-01,24.0,32.2,27.0,84.0,1.0,3.5,1.0,2022-01
2022-01-02,24.0,31.2,25.8,91.0,8.1,2.5,1.0,2022-01
2022-01-03,22.4,32.0,26.3,86.0,29.3,2.0,1.0,2022-01
2022-01-04,24.0,29.8,26.7,87.0,0.5,5.5,0.0,2022-01
2022-01-05,23.4,32.2,26.9,85.0,22.3,0.0,0.0,2022-01
2022-01-06,23.8,31.8,26.0,87.0,0.0,3.8,0.0,2022-01
2022-01-07,23.8,31.8,26.3,88.0,0.3,2.9,0.0,2022-01
2022-01-08,23.6,32.4,27.2,83.0,2.1,2.0,1.0,2022-01
2022-01-09,25.0,33.2,27.3,86.0,0.0,4.4,0.0,2022-01
2022-01-10,24.0,31.6,27.1,86.0,3.9,4.9,0.0,2022-01
2022-01-11,23.8,31.0,26.6,88.0,0.4,4.1,0.0,2022-01
2022-01-12,23.8,33.0,27.3,85.0,2.5,0.5,0.0,2022-01
2022-01-13,24.6,33.4,28.0,80.0,1.1,5.2,2.0,2022-01
2022-01-14,24.4,33.4,28.2,80.0,0.0,6.6,0.0,2022-01
2022-01-15,23.6,34.2,26.9,84.0,0.0,6.9,1.0,2022-01
2022-01-16,24.2,30.9,26.7,86.0,16.4,6.3,0.0,2022-01
2022-01-17,23.6,31.6,26.4,86.0,19.50072358900145,1.9,0.0,2022-01
2022-01-18,24.2,33.4,28.1,82.0,0.2,1.5,0.0,2022-01
2022-01-19,24.2,31.0,25.2,92.0,0.0,4.8,1.0,2022-01
2022-01-20,24.0,31.0,26.4,84.0,6.1,0.0,1.0,2022-01
2022-01-21,23.8,32.8,27.2,78.0,0.0,2.9,2.0,2022-01
2022-01-22,23.8,33.1,27.6,77.0,0.0,6.0,1.0,2022-01
2022-01-23,23.8,34.4,28.3,75.0,0.0,7.2,2.0,2022-01
2022-01-24,22.4,34.6,28.5,69.0,0.0,7.7,1.0,2022-01
2022-01-25,22.8,34.0,27.9,80.0,0.0,9.0,0.0,2022-01
2022-01-26,24.8,33.4,27.9,85.0,27.8,7.2,1.0,2022-01
2022-01-27,24.4,32.6,26.8,88.0,10.5,6.0,1.0,2022-01
2022-01-28,23.2,32.2,26.5,84.0,7.4,6.4,1.0,2022-01
2022-01-29,22.8,33.6,27.4,79.0,1.0,7.2,1.0,2022-01
2022-01-30,24.0,34.2,28.4,77.0,0.0,7.0,1.0,2022-01
2022-01-31,24.8,33.9,28.3,81.0,0.0,6.2,0.0,2022-01
2022-02-01,24.0,31.4,26.8,84.0,0.0,3.6,0.0,2022-02
2022-02-02,23.8,32.6,26.9,84.0,6.5,1.7,0.0,2022-02
2022-02-03,23.4,32.4,26.6,86.0,0.4,2.2,1.0,2022-02
2022-02-04,24.2,34.0,27.8,81.0,19.50072358900145,2.4,2.0,2022-02
2022-02-05,25.0,32.8,28.0,82.0,0.0,6.9,0.0,2022-02
2022-02-06,24.8,32.5,28.1,80.0,0.3,4.0,1.0,2022-02
2022-02-07,25.2,30.2,26.5,91.0,1.5,8.3,0.0,2022-02
2022-02-08,24.0,32.260091925508526,26.2,90.0,2.0,2.0,1.0,2022-02
2022-02-09,23.7,32.9,26.7,86.0,4.6,0.0,2.0,2022-02
2022-02-10,23.8,33.0,26.2,87.0,1.5,4.4,0.0,2022-02
2022-02-11,23.4,32.4,25.9,89.0,47.0,4.9,0.0,2022-02
2022-02-12,24.0,31.6,26.7,88.0,41.5,4.7,0.0,2022-02
2022-02-13,24.2,30.6,25.7,91.0,0.0,1.7,0.0,2022-02
2022-02-14,23.6,35.0,26.0,90.0,13.6,0.8,1.0,2022-02
2022-02-15,23.3,31.4,26.3,89.0,37.2,2.0,1.0,2022-02
2022-02-16,24.8,31.2,25.9,94.0,0.0,4.9,1.0,2022-02
2022-02-17,24.4,32.2,27.1,87.0,8.2,2.4,0.0,2022-02
2022-02-18,23.6,32.0,27.4,84.0,0.0,2.6,0.0,2022-02
2022-02-19,23.6,32.8,27.5,82.0,0.0,7.7,1.0,2022-02
2022-02-20,24.2,32.8,27.7,81.0,19.50072358900145,7.9,1.0,2022-02
2022-02-21,24.6,29.2,26.5,78.0,0.9,3.2,2.0,2022-02
2022-02-22,23.6,30.8,26.5,85.0,0.0,0.0,1.0,2022-02
2022-02-23,23.8,33.0,27.3,79.0,2.0,0.0,1.0,2022-02
2022-02-24,24.2,33.4,28.2,78.0,0.0,4.9,1.0,2022-02
2022-02-25,25.4,30.8,28.3,80.0,0.0,7.0,0.0,2022-02
2022-02-26,23.6,34.0,27.1,82.0,0.0,0.0,1.0,2022-02
2022-02-27,24.0,33.2,27.1,83.0,6.9,6.9,1.0,2022-02
2022-02-28,24.0,33.2,27.2,84.0,5.0,6.2,0.0,2022-02
2022-03-01,24.6,32.2,27.9,84.0,34.7,6.6,0.0,2022-03
2022-03-02,23.4,31.6,27.0,87.0,19.0,7.4,0.0,2022-03
2022-03-03,23.6,31.6,26.6,88.0,22.2,3.1,0.0,2022-03
2022-03-04,24.6,31.8,26.2,90.0,15.5,2.1,0.0,2022-03
2022-03-05,23.4,31.8,26.4,88.0,10.9,3.8,1.0,2022-03
2022-03-06,24.2,32.2,26.5,89.0,0.3,1.8,1.0,2022-03
2022-03-07,24.0,31.7,26.5,88.0,4.4,2.8,1.0,2022-03
2022-03-08,24.2,33.0,27.9,82.0,6.4,2.0,2.0,2022-03
2022-03-09,25.0,32.0,27.3,85.0,0.0,7.1,1.0,2022-03
2022-03-10,25.2,31.0,27.5,87.0,0.8,5.0,0.0,2022-03
2022-03-11,24.2,32.2,27.2,88.0,0.0,1.0,1.0,2022-03
2022-03-12,22.8,32.6,26.5,87.0,51.0,5.5,1.0,2022-03
2022-03-13,24.8,29.6,27.3,88.0,3.9,4.9,0.0,2022-03
2022-03-14,23.9,32.6,26.5,88.0,5.5,0.2,1.0,2022-03
2022-03-15,23.4,32.6,27.5,86.0,5.7,5.7,0.0,2022-03
2022-03-16,25.2,32.2,27.9,86.0,0.0,6.5,1.0,2022-03
2022-03-17,24.8,32.4,26.6,89.0,19.50072358900145,2.3,1.0,2022-03
2022-03-18,23.4,31.8,27.1,86.0,15.1,4.9,1.0,2022-03
2022-03-19,24.6,32.8,28.0,82.0,4.0,3.3,0.0,2022-03
2022-03-20,24.6,32.4,27.2,82.0,0.7,7.3,0.0,2022-03
2022-03-21,24.6,31.4,27.133575581395352,83.98546511627907,14.2,7.3,0.0,2022-03
2022-03-22,23.6,32.0,27.4,84.0,4.2,1.2,0.0,2022-03
2022-03-23,23.8,30.4,26.7,89.0,12.1,2.4,0.0,2022-03
2022-03-24,24.1,32.2,27.5,86.0,19.50072358900145,0.1,0.0,2022-03
2022-03-25,24.2,31.4,27.3,86.0,24.2,6.5,0.0,2022-03
2022-03-26,22.8,33.0,26.5,84.0,19.50072358900145,5.8,1.0,2022-03
2022-03-27,24.4,32.4,27.3,84.0,0.2,5.3,1.0,2022-03
2022-03-28,24.0,30.2,26.2,86.0,0.0,5.5,1.0,2022-03
2022-03-29,23.8,31.8,26.5,86.0,19.50072358900145,0.0,1.0,2022-03
2022-03-30,23.4,32.4,25.8,90.0,19.50072358900145,0.8,1.0,2022-03
2022-03-31,23.0,31.1,25.6,92.0,65.7,3.7,1.0,2022-03
2022-04-01,24.0,32.1,26.3,89.0,6.7,3.6,1.0,2022-04
2022-04-02,23.4,31.2,26.8,86.0,73.0,5.8,1.0,2022-04
2022-04-03,25.0,31.0,27.1,85.0,19.50072358900145,6.1,1.0,2022-04
2022-04-04,23.8,31.6,27.1,84.0,19.50072358900145,4.1,0.0,2022-04
2022-04-05,24.2,32.0,27.7,82.0,0.0,6.5,1.0,2022-04
2022-04-06,23.4,32.4,27.5,82.0,0.0,6.1,0.0,2022-04
2022-04-07,23.4,32.6,27.8,82.0,1.0,7.1,1.0,2022-04
2022-04-08,23.8,33.0,27.9,81.0,5.0,5.5,1.0,2022-04
2022-04-09,24.6,33.0,28.2,80.0,0.0,7.4,0.0,2022-04
2022-04-10,24.1,32.8,27.4,81.0,1.0,8.1,1.0,2022-04
2022-04-11,24.0,33.2,28.0,78.0,19.50072358900145,6.6,1.0,2022-04
2022-04-12,23.4,33.6,28.2,78.0,0.0,9.0,1.0,2022-04
2022-04-13,23.8,33.2,27.4,82.0,0.0,8.9,0.0,2022-04
2022-04-14,25.2,32.2,28.4,82.0,19.50072358900145,5.4,1.0,2022-04
2022-04-15,24.8,33.6,28.6,80.0,0.0,3.9,0.0,2022-04
2022-04-16,24.4,32.4,27.8,82.0,0.0,6.5,0.0,2022-04
2022-04-17,25.0,30.6,25.1,94.0,0.0,3.0,0.0,2022-04
2022-04-18,23.6,31.8,27.3,86.0,21.9,2.0,1.0,2022-04
2022-04-19,25.2,32.0,28.3,85.0,0.5,6.4,1.0,2022-04
2022-04-20,24.8,31.7,26.9,90.0,0.0,5.5,0.0,2022-04
2022-04-21,23.8,32.6,27.1,88.0,18.5,4.3,1.0,2022-04
2022-04-22,23.8,33.0,28.5,83.0,2.5,7.2,0.0,2022-04
2022-04-23,24.9,30.8,25.1,94.0,19.50072358900145,8.7,0.0,2022-04
2022-04-24,24.0,32.4,27.3,88.0,3.0,0.5,0.0,2022-04
2022-04-25,25.0,29.2,26.3,92.0,22.3,5.8,0.0,2022-04
2022-04-26,23.8,32.2,27.6,86.0,7.0,2.3,1.0,2022-04
2022-04-27,23.2,30.6,25.1,95.0,17.2,7.4,1.0,2022-04
2022-04-28,24.1,31.4,27.6,88.0,32.1,1.9,1.0,2022-04
2022-04-29,24.2,32.0,26.5,90.0,2.0,5.5,1.0,2022-04
2022-04-30,24.6,29.2,26.0,92.0,6.2,5.4,0.0,2022-04
2022-05-01,23.2,33.4,27.1,86.0,3.8,2.4,1.0,2022-05
2022-05-02,24.2,31.0,27.5,85.0,0.3,9.5,1.0,2022-05
2022-05-03,23.6,33.1,27.7,84.0,1.0,1.9,1.0,2022-05
2022-05-04,24.2,33.0,27.3,87.0,0.0,8.2,1.0,2022-05
2022-05-05,24.0,32.2,26.3,92.0,14.0,4.8,0.0,2022-05
2022-05-06,24.4,32.4,27.4,86.0,0.0,4.7,1.0,2022-05
2022-05-07,25.2,32.4,28.3,86.0,3.9,5.8,1.0,2022-05
2022-05-08,25.4,30.4,26.7,92.0,19.50072358900145,7.1,0.0,2022-05
2022-05-09,25.2,30.0,25.5,96.0,10.2,1.7,1.0,2022-05
2022-05-10,25.0,32.5,28.3,85.0,44.5,0.0,0.0,2022-05
2022-05-11,24.2,31.8,27.7,88.0,27.5,6.8,0.0,2022-05
2022-05-12,25.4,31.6,28.4,85.0,0.0,3.0,0.0,2022-05
2022-05-13,25.0,30.4,27.7,88.0,0.9,4.4,1.0,2022-05
2022-05-14,24.4,32.6,27.6,88.0,19.9,1.6,0.0,2022-05
2022-05-15,24.0,33.0,27.9,86.0,6.5,5.9,0.0,2022-05
2022-05-16,24.4,31.8,27.4,88.0,0.0,6.7,1.0,2022-05
2022-05-17,24.6,32.0,27.4,84.0,1.4,4.3,1.0,2022-05
2022-05-18,24.8,30.6,26.6,91.0,0.0,6.3,0.0,2022-05
2022-05-19,24.4,31.6,26.9,87.0,27.3,0.0,0.0,2022-05
2022-05-20,23.8,31.6,26.7,89.0,2.2,2.7,1.0,2022-05
2022-05-21,24.2,32.6,26.1,88.0,2.0,3.5,0.0,2022-05
2022-05-22,23.4,30.8,26.1,89.0,4.5,4.3,1.0,2022-05
2022-05-23,23.8,31.4,27.0,86.0,3.8,6.0,0.0,2022-05
2022-05-24,24.3,29.4,26.0,94.0,4.7,4.0,0.0,2022-05
2022-05-25,24.8,32.8,27.7,86.0,19.50072358900145,0.0,0.0,2022-05
2022-05-26,24.4,31.8,26.3,93.0,3.6,4.9,1.0,2022-05
2022-05-27,23.8,32.260091925508526,24.9,94.0,10.2,4.1,0.0,2022-05
2022-05-28,22.8,30.8,26.2,88.0,3.2,0.0,0.0,2022-05
2022-05-29,23.0,32.4,27.4,84.0,0.0,2.9,1.0,2022-05
2022-05-30,24.2,30.8,26.9,88.0,1.3,7.2,1.0,2022-05
2022-05-31,24.4,33.0,28.1,83.0,0.0,1.0,0.0,2022-05
2022-06-01,24.4,32.4,26.5,88.0,0.0,7.9,1.0,2022-06
2022-06-02,22.8,32.6,27.4,81.0,2.5,3.0,1.0,2022-06
2022-06-03,23.8,30.6,26.7,88.0,0.0,8.2,0.0,2022-06
2022-06-04,23.8,28.6,25.7,90.0,38.6,6.2,0.0,2022-06
2022-06-05,22.8,32.4,26.9,83.0,1.2,0.5,1.0,2022-06
2022-06-06,23.8,32.8,26.9,84.0,0.0,8.0,1.0,2022-06
2022-06-07,24.0,31.6,26.6,89.0,7.4,4.8,1.0,2022-06
2022-06-08,23.2,32.4,26.8,85.0,1.5,2.9,1.0,2022-06
2022-06-09,23.6,33.0,27.7,81.0,0.0,6.8,1.0,2022-06
2022-06-10,23.4,33.2,27.5,80.0,0.0,8.2,1.0,2022-06
2022-06-11,24.6,30.8,25.1,93.0,0.0,8.3,0.0,2022-06
2022-06-12,23.6,28.4,25.6,92.0,69.3,0.3,0.0,2022-06
2022-06-13,23.6,32.260091925508526,25.2,95.0,8.9,0.0,0.0,2022-06
2022-06-14,23.6,28.2,25.3,94.0,12.5,0.9,0.0,2022-06
2022-06-15,23.5,30.0,26.0,92.0,0.5,0.0,1.0,2022-06
2022-06-16,23.4,30.6,26.6,84.0,7.1,0.5,0.0,2022-06
2022-06-17,24.0,29.2,26.0,92.0,0.1,5.4,0.0,2022-06
2022-06-18,24.6,29.0,26.2,90.0,6.2,1.3,1.0,2022-06
2022-06-19,23.0,28.2,25.5,92.0,19.50072358900145,1.0,0.0,2022-06
2022-06-20,22.8,32.2,26.4,85.0,2.5,2.5,0.0,2022-06
2022-06-21,23.6,28.2,25.2,92.0,0.0,5.8,0.0,2022-06
2022-06-22,23.0,32.260091925508526,26.977015489348354,97.0,8.6,0.0,0.0,2022-06
2022-06-23,23.2,32.260091925508526,24.1,98.0,39.9,0.0,0.0,2022-06
2022-06-24,23.2,31.6,26.6,86.0,7.8,0.0,1.0,2022-06
2022-06-25,23.4,31.4,25.8,92.0,0.0,8.0,1.0,2022-06
2022-06-26,23.8,31.2,26.1,90.0,2.4,4.3,0.0,2022-06
2022-06-27,24.3,30.0,26.1,91.0,8.3,4.1,1.0,2022-06
2022-06-28,23.8,28.2,25.7,90.0,16.5,1.4,0.0,2022-06
2022-06-29,23.6,30.2,26.0,89.0,0.0,0.0,1.0,2022-06
2022-06-30,23.6,29.6,26.0,90.0,13.2,4.1,1.0,2022-06
2022-07-01,23.0,30.8,26.5,87.0,15.2,3.1,0.0,2022-07
2022-07-02,22.9,31.0,26.2,91.0,0.0,4.7,0.0,2022-07
2022-07-03,24.1,28.4,24.8,96.0,19.50072358900145,1.7,0.0,2022-07
2022-07-04,23.8,29.6,26.3,91.0,26.6,0.0,0.0,2022-07
2022-07-05,22.6,32.0,26.9,86.0,3.2,2.2,1.0,2022-07
2022-07-06,24.8,31.4,27.3,84.0,0.5,6.4,1.0,2022-07
2022-07-07,23.7,32.2,26.1,89.0,0.0,3.6,0.0,2022-07
2022-07-08,23.0,29.6,25.5,90.0,46.5,3.1,1.0,2022-07
2022-07-09,24.2,29.2,25.2,94.0,3.7,0.7,0.0,2022-07
2022-07-10,24.2,30.6,26.3,88.0,12.0,0.4,0.0,2022-07
2022-07-11,23.2,28.8,24.8,94.0,88.0,1.7,0.0,2022-07
2022-07-12,24.0,29.6,25.6,92.0,3.4,0.2,0.0,2022-07
2022-07-13,23.2,30.0,26.0,88.0,13.0,0.4,0.0,2022-07
2022-07-14,22.0,30.6,25.1,89.0,0.6,4.5,0.0,2022-07
2022-07-15,24.2,32.260091925508526,24.2,96.0,4.5,1.7,0.0,2022-07
2022-07-16,22.6,30.5,26.0,88.0,37.4,0.0,0.0,2022-07
2022-07-17,23.8,31.6,26.7,87.0,19.50072358900145,2.6,1.0,2022-07
2022-07-18,24.2,32.260091925508526,26.977015489348354,96.0,1.1,4.7,1.0,2022-07
2022-07-19,22.0,29.2,24.8,93.0,69.9,0.0,0.0,2022-07
2022-07-20,24.0,30.0,26.1,89.0,19.50072358900145,1.2,0.0,2022-07
2022-07-21,23.4,30.2,25.2,92.0,0.9,1.8,0.0,2022-07
2022-07-22,24.4,31.0,26.6,88.0,6.5,2.4,0.0,2022-07
2022-07-23,23.5,31.0,26.4,86.0,19.50072358900145,3.4,0.0,2022-07
2022-07-24,22.0,30.9,25.6,80.0,0.0,3.8,1.0,2022-07
2022-07-25,21.4,31.0,25.3,83.0,0.0,6.8,1.0,2022-07
2022-07-26,24.2,29.4,25.8,91.0,0.0,4.5,1.0,2022-07
2022-07-27,23.4,30.8,26.0,85.0,16.4,2.1,1.0,2022-07
2022-07-28,22.0,30.6,25.8,82.0,1.2,6.2,1.0,2022-07
2022-07-29,24.0,31.4,26.4,82.0,1.0,4.5,2.0,2022-07
2022-07-30,23.2,30.2,26.1,87.0,1.5,5.3,1.0,2022-07
2022-07-31,24.4,32.260091925508526,24.9,95.0,33.2,3.3,2.0,2022-07
2022-08-01,23.8,28.6,26.0,90.0,15.9,0.6,1.0,2022-08
2022-08-02,24.0,30.6,26.6,86.0,7.0,0.5,1.0,2022-08
2022-08-03,23.6,31.4,26.9,81.0,19.50072358900145,7.1,1.0,2022-08
2022-08-04,22.0,31.7,26.2,82.0,0.0,7.9,1.0,2022-08
2022-08-05,22.0,31.5,26.3,80.0,0.0,6.2,2.0,2022-08
2022-08-06,23.4,31.0,25.9,88.0,0.0,4.8,1.0,2022-08
2022-08-07,23.8,30.8,26.6,85.0,19.50072358900145,0.0,1.0,2022-08
2022-08-08,23.7,30.4,25.2,92.0,0.0,1.4,1.0,2022-08
2022-08-09,23.8,29.6,26.977015489348354,96.0,18.8,4.2,1.0,2022-08
2022-08-10,23.2,32.260091925508526,26.977015489348354,96.0,97.5,0.6,0.0,2022-08
2022-08-11,22.8,30.8,25.9,90.0,19.8,0.0,2.0,2022-08
2022-08-12,22.4,31.0,26.2,87.0,19.0,4.3,2.0,2022-08
2022-08-13,24.4,31.0,26.5,88.0,0.0,5.0,1.0,2022-08
2022-08-14,23.2,31.8,26.8,84.0,6.4,4.5,1.0,2022-08
2022-08-15,21.8,31.0,25.6,84.0,0.8,6.0,2.0,2022-08
2022-08-16,22.6,31.0,26.1,82.0,19.50072358900145,5.6,1.0,2022-08
2022-08-17,24.4,30.6,26.4,85.0,2.0,1.3,1.0,2022-08
2022-08-18,24.1,30.2,26.7,85.0,1.0,3.1,2.0,2022-08
2022-08-19,23.796568316950104,30.6,24.8,84.0,1.3,2.4,1.0,2022-08
2022-08-20,23.2,31.4,26.3,78.0,0.5,6.8,1.0,2022-08
2022-08-21,22.1,28.2,24.7,89.0,19.50072358900145,7.6,1.0,2022-08
2022-08-22,24.0,31.2,26.8,80.0,7.3,0.8,2.0,2022-08
2022-08-23,21.4,31.2,26.1,79.0,0.0,7.4,1.0,2022-08
2022-08-24,24.2,29.6,26.2,86.0,2.4,8.3,2.0,2022-08
2022-08-25,24.4,32.260091925508526,24.5,96.0,12.1,3.5,1.0,2022-08
2022-08-26,23.8,29.4,26.3,87.0,38.0,0.0,1.0,2022-08
2022-08-27,23.8,30.0,26.7,86.0,0.0,3.3,1.0,2022-08
2022-08-28,23.8,31.4,26.6,86.0,5.8,3.6,1.0,2022-08
2022-08-29,24.6,30.0,26.3,89.0,2.7,3.8,1.0,2022-08
2022-08-30,24.0,29.2,25.8,92.0,10.7,4.7,1.0,2022-08
2022-08-31,22.6,31.0,25.7,90.0,3.0,1.6,1.0,2022-08
2022-09-01,23.3,31.6,26.8,86.0,14.1,4.5,1.0,2022-09
2022-09-02,23.5,30.2,26.8,88.0,1.0,6.7,1.0,2022-09
2022-09-03,24.2,29.2,25.7,95.0,25.7,2.7,1.0,2022-09
2022-09-04,23.8,29.8,26.3,89.0,15.0,3.7,1.0,2022-09
2022-09-05,23.2,28.6,24.9,91.0,2.0,1.4,1.0,2022-09
2022-09-06,23.0,29.8,25.8,88.0,25.4,0.0,1.0,2022-09
2022-09-07,23.7,31.7,27.133575581395352,83.98546511627907,0.2,3.6,1.0,2022-09
2022-09-08,23.0,32.8,27.4,83.0,0.0,7.2,1.0,2022-09
2022-09-09,24.0,33.0,27.7,80.0,0.0,6.2,1.0,2022-09
2022-09-10,23.6,31.2,27.2,82.0,0.0,8.2,1.0,2022-09
2022-09-11,22.8,30.6,26.3,84.0,0.0,5.4,1.0,2022-09
2022-09-12,23.2,30.6,26.6,86.0,0.0,2.1,1.0,2022-09
2022-09-13,24.0,32.4,27.7,80.0,4.0,3.5,2.0,2022-09
2022-09-14,23.2,31.1,25.5,91.0,19.50072358900145,7.4,1.0,2022-09
2022-09-15,22.7,32.260091925508526,24.2,94.0,21.3,3.1,1.0,2022-09
2022-09-16,21.8,31.6,27.1,84.0,6.5,1.8,1.0,2022-09
2022-09-17,23.6,29.0,26.0,90.0,1.4,7.0,0.0,2022-09
2022-09-18,24.8,32.4,28.1,80.0,0.0,0.0,1.0,2022-09
2022-09-19,24.0,30.3,26.5,88.0,0.0,4.4,0.0,2022-09
2022-09-20,23.8,32.260091925508526,26.9,86.0,2.7,2.4,1.0,2022-09
2022-09-21,23.796568316950104,32.260091925508526,27.133575581395352,83.98546511627907,7.749721978466159,33.324639769452446,0.9510791366906475,2022-09
2022-09-22,23.8,28.8,26.977015489348354,97.0,11.5,6.4,1.0,2022-09
2022-09-23,22.0,32.2,26.6,86.0,110.7,0.7,1.0,2022-09
2022-09-24,23.7,33.0,28.4,81.0,0.0,8.3,1.0,2022-09
2022-09-25,23.2,32.6,28.0,78.0,0.0,9.1,1.0,2022-09
2022-09-26,21.8,32.8,26.8,78.0,0.0,9.3,1.0,2022-09
2022-09-27,23.2,33.1,27.8,80.0,7.749721978466159,8.1,1.0,2022-09
2022-09-28,23.2,32.8,27.4,80.0,0.0,9.1,2.0,2022-09
2022-09-29,25.0,31.6,27.7,84.0,1.0,9.4,1.0,2022-09
2022-09-30,23.2,31.0,26.6,86.0,92.5,4.4,1.0,2022-09
2022-10-01,23.0,32.6,28.3,80.0,19.50072358900145,6.3,1.0,2022-10
2022-10-02,24.2,32.9,28.0,80.0,0.0,8.9,2.0,2022-10
2022-10-03,24.8,32.1,27.3,85.0,0.0,7.0,1.0,2022-10
2022-10-04,23.0,32.0,27.3,86.0,3.0,4.7,1.0,2022-10
2022-10-05,24.2,32.2,27.8,82.0,1.5,6.6,1.0,2022-10
2022-10-06,25.2,31.5,27.6,86.0,2.7,5.3,1.0,2022-10
2022-10-07,23.8,32.6,27.5,86.0,0.0,6.3,1.0,2022-10
2022-10-08,23.9,31.0,27.0,89.0,23.8,6.2,1.0,2022-10
2022-10-09,24.9,30.2,27.2,88.0,0.7,3.6,1.0,2022-10
2022-10-10,25.0,30.0,26.8,91.0,1.0,0.7,1.0,2022-10
2022-10-11,24.2,29.6,27.0,90.0,3.5,0.2,1.0,2022-10
2022-10-12,23.8,31.4,26.9,85.0,0.4,1.0,1.0,2022-10
2022-10-13,24.0,32.4,26.6,84.0,19.50072358900145,4.8,1.0,2022-10
2022-10-14,23.6,32.4,27.7,83.0,2.4,4.9,1.0,2022-10
2022-10-15,23.8,33.8,28.5,82.0,1.3,6.7,2.0,2022-10
2022-10-16,25.0,32.8,26.9,89.0,1.0,7.9,1.0,2022-10
2022-10-17,24.2,32.2,27.5,84.0,14.5,4.2,2.0,2022-10
2022-10-18,24.4,31.6,27.6,84.0,5.6,5.1,2.0,2022-10
2022-10-19,24.6,32.2,28.2,83.0,9.5,5.0,1.0,2022-10
2022-10-20,25.0,32.6,28.3,84.0,19.50072358900145,7.7,1.0,2022-10
2022-10-21,23.8,33.6,28.4,83.0,0.0,7.7,2.0,2022-10
2022-10-22,24.3,33.0,28.8,82.0,0.0,7.7,1.0,2022-10
2022-10-23,23.796568316950104,34.4,28.4,82.0,7.749721978466159,7.0,2.0,2022-10
2022-10-24,24.4,33.4,27.9,84.0,0.0,8.0,2.0,2022-10
2022-10-25,23.7,34.2,28.4,81.0,19.50072358900145,5.6,2.0,2022-10
2022-10-26,24.4,34.4,29.1,79.0,2.8,7.8,2.0,2022-10
2022-10-27,24.9,33.7,27.9,84.0,0.0,7.3,2.0,2022-10
2022-10-28,24.5,34.0,27.5,85.0,18.9,6.0,1.0,2022-10
2022-10-29,24.8,32.1,27.4,86.0,2.2,4.2,1.0,2022-10
2022-10-30,24.4,33.2,28.4,81.0,3.0,0.7,1.0,2022-10
2022-10-31,25.4,31.6,27.9,85.0,0.8,6.4,1.0,2022-10
2022-11-01,24.6,34.4,27.6,85.0,2.2,2.9,1.0,2022-11
2022-11-02,24.5,31.2,26.0,94.0,1.5,5.1,1.0,2022-11
2022-11-03,22.6,32.8,27.4,84.0,54.5,0.9,1.0,2022-11
2022-11-04,24.4,33.3,29.1,81.0,7.749721978466159,9.1,1.0,2022-11
2022-11-05,25.3,31.4,28.1,86.0,0.0,9.0,2.0,2022-11
2022-11-06,24.4,31.5,26.7,87.0,19.50072358900145,2.8,2.0,2022-11
2022-11-07,22.8,29.4,26.3,90.0,1.9,1.6,1.0,2022-11
2022-11-08,24.0,32.2,27.2,87.0,4.9,1.1,1.0,2022-11
2022-11-09,23.2,33.6,27.8,84.0,19.50072358900145,4.1,1.0,2022-11
2022-11-10,23.2,33.6,27.8,82.0,0.0,5.8,1.0,2022-11
2022-11-11,23.2,34.4,28.7,83.0,1.0,5.6,1.0,2022-11
2022-11-12,24.3,33.1,28.8,81.0,0.0,7.7,1.0,2022-11
2022-11-13,24.7,34.4,28.7,82.0,7.749721978466159,6.8,2.0,2022-11
2022-11-14,23.8,33.8,28.2,84.0,1.0,3.6,2.0,2022-11
2022-11-15,23.796568316950104,34.3,28.8,82.0,4.2,5.2,2.0,2022-11
2022-11-16,25.2,31.8,27.0,87.0,0.0,6.6,1.0,2022-11
2022-11-17,23.796568316950104,34.4,28.4,80.0,19.50072358900145,0.9,2.0,2022-11
2022-11-18,25.2,32.4,27.1,86.0,0.0,8.8,4.0,2022-11
2022-11-19,24.0,31.2,26.9,86.0,19.50072358900145,2.3,1.0,2022-11
2022-11-20,24.0,32.6,26.5,89.0,19.50072358900145,0.0,1.0,2022-11
2022-11-21,24.6,32.8,27.5,84.0,2.5,2.4,1.0,2022-11
2022-11-22,25.4,32.6,26.7,90.0,0.0,3.7,2.0,2022-11
2022-11-23,23.8,31.8,25.6,89.0,33.9,4.3,1.0,2022-11
2022-11-24,22.7,33.4,26.7,84.0,32.0,2.0,1.0,2022-11
2022-11-25,24.6,32.4,27.8,82.0,0.0,5.8,1.0,2022-11
2022-11-26,22.9,34.2,27.6,80.0,0.8,3.8,1.0,2022-11
2022-11-27,24.2,33.1,27.7,85.0,5.8,5.7,1.0,2022-11
2022-11-28,23.6,33.2,27.3,85.0,2.9,5.3,2.0,2022-11
2022-11-29,24.0,33.4,27.7,84.0,1.5,4.8,1.0,2022-11
2022-11-30,24.0,31.8,27.1,87.0,7.0,4.0,1.0,2022-11
2022-12-01,23.6,33.4,27.3,84.0,3.4,1.4,2.0,2022-12
2022-12-02,23.8,32.0,27.0,85.0,0.0,4.7,1.0,2022-12
2022-12-03,23.4,30.8,25.4,95.0,10.2,0.5,1.0,2022-12
2022-12-04,23.3,31.2,25.8,91.0,22.6,3.0,1.0,2022-12
2022-12-05,24.3,32.7,26.8,88.0,0.0,4.2,1.0,2022-12
2022-12-06,23.2,33.4,27.1,88.0,26.9,2.1,1.0,2022-12
2022-12-07,23.3,34.4,28.4,77.0,19.50072358900145,7.2,1.0,2022-12
2022-12-08,23.4,34.6,28.2,80.0,0.0,8.4,1.0,2022-12
2022-12-09,23.8,33.6,27.0,87.0,0.0,8.3,1.0,2022-12
2022-12-10,24.2,34.0,28.5,80.0,0.0,6.8,2.0,2022-12
2022-12-11,24.6,31.2,26.5,90.0,7.0,7.3,0.0,2022-12
2022-12-12,23.8,32.1,27.5,86.0,28.4,2.1,1.0,2022-12
2022-12-13,24.8,32.8,27.5,86.0,0.8,6.1,1.0,2022-12
2022-12-14,24.4,29.4,26.0,92.0,15.4,3.1,0.0,2022-12
2022-12-15,24.6,32.8,26.0,91.0,0.4,1.3,1.0,2022-12
2022-12-16,23.8,33.6,27.5,85.0,11.8,2.1,2.0,2022-12
2022-12-17,23.8,33.4,27.9,79.0,2.0,6.7,2.0,2022-12
2022-12-18,25.4,30.8,27.4,85.0,0.0,5.8,1.0,2022-12
2022-12-19,23.8,33.5,28.2,81.0,1.0,0.0,2.0,2022-12
2022-12-20,24.4,33.0,27.7,82.0,0.0,4.7,3.0,2022-12
2022-12-21,23.4,34.6,29.4,74.0,19.50072358900145,4.2,2.0,2022-12
2022-12-22,22.8,34.6,28.4,76.0,0.0,9.0,1.0,2022-12
2022-12-23,25.4,33.4,28.7,77.0,0.0,7.5,2.0,2022-12
2022-12-24,25.7,31.3,27.9,76.0,0.0,4.8,3.0,2022-12
2022-12-25,24.2,32.2,28.8,74.0,0.0,0.6,1.0,2022-12
2022-12-26,23.6,29.4,26.0,86.0,2.6,1.0,1.0,2022-12
2022-12-27,23.6,32.4,25.8,90.0,0.5,0.0,1.0,2022-12
2022-12-28,24.0,30.8,26.8,84.0,6.2,2.4,1.0,2022-12
2022-12-29,23.0,33.8,28.2,76.0,0.0,0.0,2.0,2022-12
2022-12-30,25.2,34.0,28.8,74.0,0.0,8.2,2.0,2022-12
2022-12-31,24.6,32.8,27.8,80.0,19.50072358900145,4.2,2.0,2022-12
2023-01-01,24.6,35.2,28.7,79.0,0.0,4.4,1.0,2023-01
2023-01-02,24.8,34.4,27.133575581395352,83.98546511627907,0.0,6.6,2.0,2023-01
2023-01-03,24.8,32.6,28.3,75.0,0.0,7.7,4.0,2023-01
2023-01-04,24.9,31.4,27.4,79.0,0.0,2.5,2.0,2023-01
2023-01-05,25.0,34.0,28.3,72.0,0.0,0.5,3.0,2023-01
2023-01-06,24.2,34.0,27.133575581395352,83.98546511627907,0.0,7.8,2.0,2023-01
2023-01-07,24.8,33.0,28.5,77.0,0.0,7.5,2.0,2023-01
2023-01-08,24.8,32.2,28.1,81.0,19.50072358900145,2.6,1.0,2023-01
2023-01-09,24.0,31.4,26.7,82.0,0.3,0.4,2.0,2023-01
2023-01-10,22.9,33.3,26.4,82.0,0.0,0.8,3.0,2023-01
2023-01-11,22.2,32.6,26.9,80.0,0.0,3.6,2.0,2023-01
2023-01-12,22.2,34.8,26.8,82.0,0.0,2.6,1.0,2023-01
2023-01-13,23.6,34.4,28.4,79.0,19.50072358900145,4.8,2.0,2023-01
2023-01-14,23.6,35.2,28.9,80.0,0.0,7.2,1.0,2023-01
2023-01-15,24.0,33.4,27.6,84.0,0.0,5.9,1.0,2023-01
2023-01-16,24.0,32.8,28.2,84.0,2.2,1.7,1.0,2023-01
2023-01-17,25.2,32.8,27.7,85.0,0.0,2.4,1.0,2023-01
2023-01-18,23.8,32.6,26.8,86.0,3.0,4.2,1.0,2023-01
2023-01-19,23.8,32.8,27.0,82.0,19.50072358900145,4.9,1.0,2023-01
2023-01-20,23.2,33.4,26.7,86.0,0.0,2.8,1.0,2023-01
2023-01-21,23.4,32.2,26.3,87.0,0.0,4.3,1.0,2023-01
2023-01-22,22.8,34.8,28.4,81.0,2.8,2.1,2.0,2023-01
2023-01-23,24.2,34.0,28.0,80.0,19.50072358900145,5.0,2.0,2023-01
2023-01-24,23.4,33.0,27.3,82.0,0.0,9999.0,2.0,2023-01
2023-01-25,24.0,32.0,27.2,85.0,19.50072358900145,5.6,1.0,2023-01
2023-01-26,24.2,32.260091925508526,27.8,82.0,3.4,3.0,1.0,2023-01
2023-01-27,24.2,32.260091925508526,26.3,87.0,9.5,6.3,1.0,2023-01
2023-01-28,23.9,31.8,27.1,86.0,5.9,1.3,1.0,2023-01
2023-01-29,24.4,32.0,26.6,90.0,0.0,1.9,2.0,2023-01
2023-01-30,22.8,33.4,26.6,87.0,33.5,1.5,1.0,2023-01
2023-01-31,24.0,30.6,26.6,88.0,1.5,4.9,1.0,2023-01
2023-02-01,23.4,30.2,26.2,88.0,19.50072358900145,0.7,1.0,2023-02
2023-02-02,24.3,33.0,26.9,88.0,6.5,0.2,1.0,2023-02
2023-02-03,23.5,32.3,26.3,88.0,12.6,3.4,1.0,2023-02
2023-02-04,23.8,31.8,27.0,84.0,19.50072358900145,1.7,1.0,2023-02
2023-02-05,24.0,32.4,27.5,84.0,0.0,1.5,2.0,2023-02
2023-02-06,24.4,33.5,28.2,82.0,1.5,1.7,2.0,2023-02
2023-02-07,25.0,32.2,27.8,83.0,0.0,7.2,1.0,2023-02
2023-02-08,25.0,33.6,28.4,77.0,0.0,1.4,1.0,2023-02
2023-02-09,25.0,30.2,27.2,83.0,19.50072358900145,3.4,1.0,2023-02
2023-02-10,24.8,33.3,28.3,78.0,19.50072358900145,0.0,1.0,2023-02
2023-02-11,24.4,33.7,27.7,84.0,0.0,3.5,0.0,2023-02
2023-02-12,24.8,32.8,27.9,85.0,7.8,4.9,1.0,2023-02
2023-02-13,24.2,30.0,26.4,85.0,9.5,2.1,3.0,2023-02
2023-02-14,25.0,33.6,28.4,74.0,19.50072358900145,0.7,5.0,2023-02
2023-02-15,24.4,34.5,28.4,78.0,0.0,5.3,1.0,2023-02
2023-02-16,25.4,32.2,28.3,80.0,0.8,5.1,3.0,2023-02
2023-02-17,23.8,35.0,28.2,77.0,0.0,0.0,3.0,2023-02
2023-02-18,24.8,34.0,28.5,76.0,0.0,8.5,2.0,2023-02
2023-02-19,24.8,34.2,28.7,72.0,0.0,4.4,4.0,2023-02
2023-02-20,25.2,33.2,28.4,82.0,0.0,6.7,1.0,2023-02
2023-02-21,24.3,35.4,27.3,86.0,2.5,1.5,2.0,2023-02
2023-02-22,25.0,32.3,27.8,86.0,10.5,4.4,1.0,2023-02
2023-02-23,24.4,32.260091925508526,27.3,86.0,0.0,3.4,1.0,2023-02
2023-02-24,24.6,32.0,27.2,86.0,19.50072358900145,2.8,1.0,2023-02
2023-02-25,25.2,32.1,27.8,84.0,0.0,1.9,1.0,2023-02
2023-02-26,23.8,32.8,26.9,84.0,0.0,1.1,1.0,2023-02
2023-02-27,24.2,32.6,26.9,82.0,1.4,3.8,2.0,2023-02
2023-02-28,24.0,32.0,27.1,86.0,5.8,1.8,1.0,2023-02
2023-03-01,24.0,32.6,27.6,81.0,5.8,2.6,1.0,2023-03
2023-03-02,24.6,34.2,28.3,78.0,19.50072358900145,9999.0,1.0,2023-03
2023-03-03,23.0,34.4,27.5,82.0,22.5,4.5,2.0,2023-03
2023-03-04,24.4,30.6,26.5,89.0,8.5,7.2,2.0,2023-03
2023-03-05,24.0,33.4,27.0,81.0,2.1,2.6,2.0,2023-03
2023-03-06,23.4,33.4,27.6,80.0,4.2,4.0,3.0,2023-03
2023-03-07,24.0,34.8,28.2,80.0,19.50072358900145,2.5,2.0,2023-03
2023-03-08,25.2,31.3,27.4,86.0,0.0,8.3,1.0,2023-03
2023-03-09,24.6,31.6,27.1,82.0,0.9,0.0,1.0,2023-03
2023-03-10,24.3,32.6,27.2,88.0,0.9,3.7,1.0,2023-03
2023-03-11,25.0,31.5,27.5,88.0,1.1,4.4,1.0,2023-03
2023-03-12,24.6,32.8,27.3,87.0,5.5,1.2,1.0,2023-03
2023-03-13,23.8,32.0,27.1,81.0,6.2,6.3,1.0,2023-03
2023-03-14,24.6,32.3,26.5,91.0,0.5,3.9,1.0,2023-03
2023-03-15,23.8,33.2,27.2,85.0,11.5,3.6,1.0,2023-03
2023-03-16,23.8,34.2,27.7,83.0,6.0,4.0,1.0,2023-03
2023-03-17,25.2,33.6,28.4,81.0,0.0,8.8,2.0,2023-03
2023-03-18,24.8,32.4,27.1,88.0,0.0,6.4,2.0,2023-03
2023-03-19,24.2,32.2,27.7,82.0,2.0,4.0,2.0,2023-03
2023-03-20,23.6,31.1,26.8,86.0,0.0,5.4,1.0,2023-03
2023-03-21,24.0,33.0,27.8,84.0,0.0,3.9,1.0,2023-03
2023-03-22,23.6,32.9,26.8,83.0,10.0,4.3,1.0,2023-03
2023-03-23,24.6,32.4,28.0,83.0,0.5,3.0,1.0,2023-03
2023-03-24,24.2,32.5,28.0,84.0,0.0,3.5,2.0,2023-03
2023-03-25,24.4,34.2,28.7,82.0,19.50072358900145,5.3,1.0,2023-03
2023-03-26,24.4,32.9,27.5,87.0,21.0,5.2,2.0,2023-03
2023-03-27,23.9,32.6,26.8,88.0,0.0,4.8,1.0,2023-03
2023-03-28,24.6,31.8,26.7,88.0,10.8,1.4,1.0,2023-03
2023-03-29,24.0,33.3,27.9,82.0,7.1,1.3,2.0,2023-03
2023-03-30,24.2,33.9,28.0,84.0,0.0,4.8,2.0,2023-03
2023-03-31,24.6,32.7,26.4,89.0,0.8,5.7,2.0,2023-03
2023-04-01,23.8,33.4,26.8,86.0,37.3,3.5,1.0,2023-04
2023-04-02,24.5,32.2,26.5,88.0,7.5,6.7,1.0,2023-04
2023-04-03,23.6,33.5,27.3,86.0,7.6,2.8,2.0,2023-04
2023-04-04,23.6,32.0,26.5,86.0,2.0,6.0,2.0,2023-04
2023-04-05,23.6,29.4,25.9,90.0,7.8,2.8,1.0,2023-04
2023-04-06,23.6,33.2,26.4,86.0,19.50072358900145,0.0,1.0,2023-04
2023-04-07,23.4,33.2,27.6,80.0,2.0,3.2,2.0,2023-04
2023-04-08,24.4,33.2,28.4,78.0,0.0,7.2,1.0,2023-04
2023-04-09,23.6,34.2,28.3,76.0,0.0,2.5,4.0,2023-04
2023-04-10,24.4,33.3,28.3,76.0,0.0,9.2,4.0,2023-04
2023-04-11,23.8,34.5,27.9,81.0,19.50072358900145,8.3,2.0,2023-04
2023-04-12,25.2,32.8,27.4,92.0,19.50072358900145,7.3,1.0,2023-04
2023-04-13,24.6,33.1,27.0,90.0,16.3,2.7,1.0,2023-04
2023-04-14,24.4,32.260091925508526,26.0,92.0,20.4,5.5,1.0,2023-04
2023-04-15,24.8,33.4,27.3,87.0,0.5,0.0,1.0,2023-04
2023-04-16,23.8,31.9,26.0,92.0,4.5,4.5,1.0,2023-04
2023-04-17,24.2,33.4,28.2,84.0,1.5,2.3,1.0,2023-04
2023-04-18,24.2,32.9,27.7,86.0,0.0,6.0,1.0,2023-04
2023-04-19,24.2,33.2,28.1,84.0,0.0,2.4,1.0,2023-04
2023-04-20,24.4,31.4,27.2,92.0,0.0,7.0,1.0,2023-04
2023-04-21,25.0,31.4,27.6,86.0,7.0,5.9,2.0,2023-04
2023-04-22,25.3,29.2,26.7,92.0,2.5,1.7,2.0,2023-04
2023-04-23,24.0,32.2,27.3,86.0,8.0,0.7,1.0,2023-04
2023-04-24,23.2,34.1,28.0,82.0,19.50072358900145,6.9,2.0,2023-04
2023-04-25,24.2,34.0,28.8,81.0,0.0,8.7,2.0,2023-04
2023-04-26,25.2,33.8,28.3,84.0,1.0,8.4,2.0,2023-04
2023-04-27,24.2,31.8,27.2,90.0,2.3,5.0,1.0,2023-04
2023-04-28,23.8,32.8,27.1,88.0,11.2,2.2,1.0,2023-04
2023-04-29,25.1,32.0,27.4,89.0,2.3,4.7,1.0,2023-04
2023-04-30,23.6,33.4,26.7,94.0,4.8,3.4,0.0,2023-04
2023-05-01,25.4,33.2,28.3,84.0,3.8,5.8,1.0,2023-05
2023-05-02,26.0,31.8,27.6,87.0,19.50072358900145,3.4,1.0,2023-05
2023-05-03,24.2,31.3,27.5,86.0,19.50072358900145,3.2,1.0,2023-05
2023-05-04,25.4,29.6,26.7,93.0,10.9,2.9,0.0,2023-05
2023-05-05,23.6,31.2,26.8,90.0,21.4,0.0,1.0,2023-05
2023-05-06,24.6,32.2,26.9,89.0,1.7,1.9,1.0,2023-05
2023-05-07,24.2,32.2,27.3,87.0,1.4,0.8,2.0,2023-05
2023-05-08,25.4,31.6,26.5,94.0,1.0,3.8,1.0,2023-05
2023-05-09,25.2,33.0,26.977015489348354,79.0,16.6,2.0,1.0,2023-05
2023-05-10,25.0,33.8,27.5,90.0,0.5,6.0,1.0,2023-05
2023-05-11,24.8,33.5,27.4,87.0,17.5,4.2,1.0,2023-05
2023-05-12,24.6,33.3,26.977015489348354,73.0,5.5,4.9,2.0,2023-05
2023-05-13,25.2,33.6,28.4,82.0,0.0,8.6,1.0,2023-05
2023-05-14,23.2,32.4,29.7,72.0,0.0,6.4,2.0,2023-05
2023-05-15,24.8,32.2,29.4,75.0,0.0,5.8,1.0,2023-05
2023-05-16,24.7,31.8,26.4,91.0,12.3,4.1,1.0,2023-05
2023-05-17,23.610586214167874,31.6,27.7,87.0,3.0,4.4,1.0,2023-05
2023-05-18,24.8,31.8,27.7,83.0,10.4,1.7,1.0,2023-05
2023-05-19,23.4,32.2,27.6,84.0,0.0,5.3,1.0,2023-05
2023-05-20,23.8,32.4,27.2,83.0,1.0,5.6,1.0,2023-05
2023-05-21,23.2,32.4,27.1,83.0,0.0,7.9,1.0,2023-05
2023-05-22,24.4,30.4,26.2,88.0,0.0,5.8,2.0,2023-05
2023-05-23,25.0,32.0,27.9,84.0,1.5,1.3,1.0,2023-05
2023-05-24,24.0,32.9,25.4,94.0,0.0,4.4,1.0,2023-05
2023-05-25,24.0,30.4,26.3,89.0,26.0,3.7,1.0,2023-05
2023-05-26,23.8,31.8,29.0,76.0,1.2,0.7,1.0,2023-05
2023-05-27,23.7,32.2,26.8,86.0,0.0,1.8,1.0,2023-05
2023-05-28,23.9,31.8,27.2,84.0,19.50072358900145,5.9,1.0,2023-05
2023-05-29,24.0,31.6,27.1,85.0,0.0,5.5,1.0,2023-05
2023-05-30,24.6,32.5,27.7,85.0,0.0,3.1,2.0,2023-05
2023-05-31,24.6,29.0,25.0,97.0,19.50072358900145,5.1,0.0,2023-05
2023-06-01,23.8,32.0,26.3,89.0,13.7,0.0,1.0,2023-06
2023-06-02,23.2,30.4,26.4,90.0,19.50072358900145,1.5,1.0,2023-06
2023-06-03,24.4,31.8,28.1,85.0,6.9,2.6,1.0,2023-06
2023-06-04,24.0,30.2,26.2,93.0,38.6,3.8,1.0,2023-06
2023-06-05,24.0,32.5,27.7,85.0,0.0,2.8,1.0,2023-06
2023-06-06,22.6,33.4,26.8,80.0,0.0,7.0,1.0,2023-06
2023-06-07,23.796568316950104,32.6,25.7,84.0,0.0,8.9,1.0,2023-06
2023-06-08,22.6,32.4,29.3,76.0,0.0,6.6,0.0,2023-06
2023-06-09,24.4,32.6,27.0,88.0,1.2,3.7,1.0,2023-06
2023-06-10,24.0,31.4,26.6,91.0,54.3,4.8,1.0,2023-06
2023-06-11,24.0,32.260091925508526,24.4,99.0,32.0,4.6,1.0,2023-06
2023-06-12,23.6,28.8,26.6,89.0,13.3,0.0,2.0,2023-06
2023-06-13,23.6,32.260091925508526,24.5,97.0,7.4,0.5,0.0,2023-06
2023-06-14,24.0,32.6,28.6,80.0,31.2,0.0,1.0,2023-06
2023-06-15,22.8,32.4,26.3,88.0,19.50072358900145,5.1,0.0,2023-06
2023-06-16,22.0,31.9,28.7,74.0,2.3,2.3,1.0,2023-06
2023-06-17,23.0,31.4,26.9,88.0,0.3,5.4,1.0,2023-06
2023-06-18,23.2,30.8,25.9,88.0,46.1,1.9,1.0,2023-06
2023-06-19,23.8,30.9,26.2,90.0,19.50072358900145,2.0,1.0,2023-06
2023-06-20,22.2,32.0,28.7,74.0,0.5,0.6,1.0,2023-06
2023-06-21,22.8,33.0,26.2,88.0,0.0,1.1,1.0,2023-06
2023-06-22,22.8,31.4,26.4,87.0,4.5,3.7,1.0,2023-06
2023-06-23,23.9,30.8,26.3,88.0,0.0,2.4,0.0,2023-06
2023-06-24,23.6,31.4,26.5,88.0,0.0,0.7,1.0,2023-06
2023-06-25,23.8,32.0,26.8,88.0,19.50072358900145,0.6,1.0,2023-06
2023-06-26,23.8,32.0,27.1,86.0,19.50072358900145,3.4,1.0,2023-06
2023-06-27,22.8,32.6,29.2,78.0,0.0,4.1,1.0,2023-06
2023-06-28,23.5,32.0,27.0,86.0,1.0,5.3,1.0,2023-06
2023-06-29,22.3,30.8,26.1,89.0,0.0,2.1,1.0,2023-06
2023-06-30,23.6,32.3,26.8,87.0,19.50072358900145,0.2,1.0,2023-06
2023-07-01,23.1,32.8,27.0,86.0,0.3,3.0,1.0,2023-07
2023-07-02,24.8,33.2,28.0,85.0,0.0,3.2,1.0,2023-07
2023-07-03,23.6,32.0,26.2,92.0,0.0,3.9,1.0,2023-07
2023-07-04,23.6,32.4,24.8,96.0,3.0,2.3,1.0,2023-07
2023-07-05,23.0,32.6,26.5,88.0,14.1,3.6,1.0,2023-07
2023-07-06,22.8,31.2,26.1,91.0,1.8,3.8,1.0,2023-07
2023-07-07,23.7,32.0,24.9,96.0,1.0,2.5,0.0,2023-07
2023-07-08,21.8,33.2,27.5,78.0,31.5,1.3,1.0,2023-07
2023-07-09,22.4,32.2,26.5,80.0,0.0,8.0,1.0,2023-07
2023-07-10,23.0,32.6,26.8,80.0,0.0,4.9,1.0,2023-07
2023-07-11,22.4,29.2,25.5,90.0,0.0,6.2,0.0,2023-07
2023-07-12,23.6,29.1,25.2,94.0,19.50072358900145,0.0,1.0,2023-07
2023-07-13,24.2,32.260091925508526,24.8,96.0,25.1,1.1,0.0,2023-07
2023-07-14,23.4,28.7,25.4,94.0,16.6,0.0,1.0,2023-07
2023-07-15,22.5,32.4,26.6,84.0,2.8,0.7,1.0,2023-07
2023-07-16,23.0,32.2,26.5,85.0,0.0,6.7,1.0,2023-07
2023-07-17,23.6,29.8,25.1,92.0,0.0,4.6,1.0,2023-07
2023-07-18,23.4,30.2,25.4,90.0,2.2,0.3,1.0,2023-07
2023-07-19,23.2,31.0,26.5,85.0,2.7,0.1,1.0,2023-07
2023-07-20,23.4,31.9,26.4,87.0,1.5,1.5,1.0,2023-07
2023-07-21,22.6,32.6,26.9,83.0,3.4,4.2,0.0,2023-07
2023-07-22,23.2,32.6,27.4,84.0,0.0,2.8,0.0,2023-07
2023-07-23,21.8,32.0,26.0,85.0,19.50072358900145,4.8,0.0,2023-07
2023-07-24,23.796568316950104,31.8,25.8,85.0,0.0,6.8,0.0,2023-07
2023-07-25,23.796568316950104,31.6,25.4,89.0,19.50072358900145,4.6,0.0,2023-07
2023-07-26,23.4,31.6,26.4,86.0,19.50072358900145,5.6,1.0,2023-07
2023-07-27,23.2,30.6,25.8,86.0,0.6,4.0,0.0,2023-07
2023-07-28,21.3,32.3,25.8,86.0,0.0,2.6,0.0,2023-07
2023-07-29,23.796568316950104,32.4,25.8,83.0,0.5,7.1,1.0,2023-07
2023-07-30,21.6,32.0,26.2,82.0,0.0,8.9,0.0,2023-07
2023-07-31,22.0,31.0,25.7,88.0,0.8,5.8,0.0,2023-07
2023-08-01,23.4,31.2,26.1,88.0,19.50072358900145,1.3,0.0,2023-08
2023-08-02,23.0,32.4,26.3,88.0,1.0,1.8,0.0,2023-08
2023-08-03,21.2,32.6,25.9,87.0,9.8,6.0,0.0,2023-08
2023-08-04,23.6,31.3,26.9,83.0,8.5,6.8,0.0,2023-08
2023-08-05,23.5,30.2,25.4,94.0,4.0,4.1,0.0,2023-08
2023-08-06,22.6,31.0,24.6,92.0,8.5,1.9,0.0,2023-08
2023-08-07,23.1,31.4,26.1,85.0,1.6,3.7,1.0,2023-08
2023-08-08,23.796568316950104,31.9,25.1,84.0,0.0,5.0,0.0,2023-08
2023-08-09,22.4,31.2,25.6,88.0,0.8,33.324639769452446,1.0,2023-08
2023-08-10,23.0,30.2,25.6,86.0,19.50072358900145,2.4,1.0,2023-08
2023-08-11,22.2,31.6,26.1,82.0,0.0,1.0,1.0,2023-08
2023-08-12,22.4,31.4,26.0,83.0,0.0,6.9,0.0,2023-08
2023-08-13,21.8,31.6,25.2,86.0,19.50072358900145,2.8,0.0,2023-08
2023-08-14,22.0,31.2,26.1,84.0,19.50072358900145,6.0,1.0,2023-08
2023-08-15,21.8,32.4,26.9,80.0,0.0,4.7,0.0,2023-08
2023-08-16,23.796568316950104,33.1,27.133575581395352,83.98546511627907,0.0,4.9,1.0,2023-08
2023-08-17,23.796568316950104,32.4,26.1,80.0,0.0,7.5,0.0,2023-08
2023-08-18,23.796568316950104,32.6,24.7,85.0,0.0,6.4,0.0,2023-08
2023-08-19,23.796568316950104,32.8,25.4,80.0,19.50072358900145,6.4,1.0,2023-08
2023-08-20,23.796568316950104,31.4,25.0,82.0,0.0,8.9,1.0,2023-08
2023-08-21,23.796568316950104,32.8,25.0,81.0,0.0,8.4,1.0,2023-08
2023-08-22,23.796568316950104,32.8,25.8,80.0,0.0,8.2,1.0,2023-08
2023-08-23,22.2,32.2,27.133575581395352,83.98546511627907,7.749721978466159,33.324639769452446,0.9510791366906475,2023-08
2023-08-24,22.8,31.0,25.5,92.0,16.9,0.4,0.0,2023-08
2023-08-25,22.2,32.2,26.7,82.0,8.8,2.7,0.0,2023-08
2023-08-26,23.796568316950104,32.8,26.3,83.0,0.0,8.1,1.0,2023-08
2023-08-27,21.4,32.2,25.6,81.0,1.9,8.9,1.0,2023-08
2023-08-28,23.796568316950104,32.0,25.6,80.0,0.0,7.9,0.0,2023-08
2023-08-29,23.796568316950104,33.0,26.4,77.0,0.0,9.9,1.0,2023-08
2023-08-30,23.796568316950104,32.2,26.2,77.0,0.0,8.8,1.0,2023-08
2023-08-31,23.796568316950104,33.2,25.6,80.0,0.0,9.0,0.0,2023-08
2023-09-01,23.796568316950104,33.0,27.133575581395352,83.98546511627907,0.0,7.1,1.0,2023-09
2023-09-02,23.796568316950104,32.8,27.2,70.0,0.0,6.9,1.0,2023-09
2023-09-03,23.796568316950104,32.3,25.1,80.0,0.0,8.8,1.0,2023-09
2023-09-04,23.796568316950104,32.2,26.1,78.0,0.0,6.8,0.0,2023-09
2023-09-05,23.796568316950104,33.4,25.7,79.0,0.0,6.8,1.0,2023-09
2023-09-06,23.796568316950104,33.4,26.2,82.0,0.0,8.6,0.0,2023-09
2023-09-07,23.796568316950104,33.4,27.3,77.0,0.0,6.1,1.0,2023-09
2023-09-08,23.796568316950104,33.4,25.7,77.0,0.0,9.0,1.0,2023-09
2023-09-09,23.796568316950104,32.260091925508526,25.6,79.0,0.0,8.2,1.0,2023-09
2023-09-10,22.2,32.4,26.6,83.0,0.0,7.5,0.0,2023-09
2023-09-11,22.9,31.0,26.2,86.0,38.6,4.6,1.0,2023-09
2023-09-12,21.6,33.7,26.8,77.0,1.9,3.9,1.0,2023-09
2023-09-13,22.2,31.7,26.9,76.0,0.0,8.0,0.0,2023-09
2023-09-14,23.796568316950104,31.7,25.9,81.0,0.0,3.3,1.0,2023-09
2023-09-15,22.5,32.6,25.8,84.0,19.50072358900145,3.2,1.0,2023-09
2023-09-16,21.2,32.260091925508526,26.4,86.0,1.6,4.3,1.0,2023-09
2023-09-17,22.6,31.2,25.4,88.0,2.5,3.5,0.0,2023-09
2023-09-18,23.796568316950104,31.8,25.7,83.0,0.0,0.1,1.0,2023-09
2023-09-19,21.8,32.2,26.1,82.0,0.0,4.0,0.0,2023-09
2023-09-20,21.4,33.8,26.6,76.0,0.0,3.3,1.0,2023-09
2023-09-21,23.796568316950104,33.6,26.8,76.0,0.0,6.6,1.0,2023-09
2023-09-22,23.796568316950104,33.2,26.4,77.0,0.0,9.1,1.0,2023-09
2023-09-23,23.796568316950104,34.0,27.0,77.0,0.0,9.3,0.0,2023-09
2023-09-24,23.796568316950104,33.8,26.7,79.0,0.0,9.1,0.0,2023-09
2023-09-25,23.796568316950104,33.5,27.2,73.0,0.0,9.1,1.0,2023-09
2023-09-26,23.796568316950104,33.2,26.0,77.0,0.0,9.7,1.0,2023-09
2023-09-27,23.796568316950104,34.0,25.7,78.0,0.0,8.9,1.0,2023-09
2023-09-28,23.796568316950104,33.2,26.6,75.0,0.0,8.6,1.0,2023-09
2023-09-29,23.796568316950104,33.6,27.5,76.0,0.0,8.8,1.0,2023-09
2023-09-30,23.796568316950104,33.8,26.4,80.0,0.0,8.1,0.0,2023-09
2023-10-01,23.796568316950104,33.8,27.0,77.0,0.0,7.8,1.0,2023-10
2023-10-02,23.796568316950104,34.0,27.3,77.0,0.0,8.9,1.0,2023-10
2023-10-03,23.2,34.4,28.4,78.0,0.0,4.1,1.0,2023-10
2023-10-04,22.2,35.6,28.3,78.0,0.0,6.1,2.0,2023-10
2023-10-05,23.0,35.6,28.7,76.0,0.0,9.5,1.0,2023-10
2023-10-06,21.8,33.8,27.5,78.0,0.0,8.9,1.0,2023-10
2023-10-07,23.796568316950104,34.4,27.7,76.0,0.0,9.0,1.0,2023-10
2023-10-08,23.796568316950104,34.8,27.4,75.0,0.0,8.7,1.0,2023-10
2023-10-09,23.796568316950104,35.0,27.3,76.0,0.0,8.7,1.0,2023-10
2023-10-10,23.796568316950104,34.8,26.7,76.0,0.0,9.2,1.0,2023-10
2023-10-11,23.796568316950104,34.4,26.9,76.0,0.0,9.0,1.0,2023-10
2023-10-12,23.796568316950104,34.6,27.8,73.0,0.0,8.8,1.0,2023-10
2023-10-13,23.796568316950104,34.8,28.1,74.0,0.0,8.2,2.0,2023-10
2023-10-14,22.1,35.8,28.9,76.0,0.0,8.6,1.0,2023-10
2023-10-15,22.2,35.4,28.5,76.0,0.0,8.4,2.0,2023-10
2023-10-16,22.0,35.4,28.8,75.0,0.0,9.4,1.0,2023-10
2023-10-17,22.4,34.4,28.6,78.0,0.0,9.7,1.0,2023-10
2023-10-18,23.0,34.4,27.5,84.0,0.0,6.7,1.0,2023-10
2023-10-19,23.796568316950104,32.260091925508526,27.133575581395352,83.98546511627907,7.749721978466159,33.324639769452446,0.9510791366906475,2023-10
2023-10-20,23.796568316950104,35.3,27.8,72.0,0.0,9.4,1.0,2023-10
2023-10-21,23.796568316950104,35.2,27.133575581395352,83.98546511627907,0.0,8.7,1.0,2023-10
2023-10-22,22.0,35.4,28.3,78.0,0.0,8.9,1.0,2023-10
2023-10-23,23.796568316950104,32.260091925508526,27.133575581395352,83.98546511627907,7.749721978466159,33.324639769452446,0.9510791366906475,2023-10
2023-10-24,22.6,32.38131431418961,29.6,74.0,0.0,7.7,1.0,2023-10
2023-10-25,21.8,36.0,28.8,78.0,0.0,9.0,1.0,2023-10
2023-10-26,23.796568316950104,36.2,27.7,77.0,0.0,8.9,1.0,2023-10
2023-10-27,23.796568316950104,36.4,27.5,74.0,0.0,9.3,1.0,2023-10
2023-10-28,23.796568316950104,32.260091925508526,28.4,68.0,0.0,9.2,1.0,2023-10
2023-10-29,23.796568316950104,35.8,28.2,71.0,0.0,8.8,1.0,2023-10
2023-10-30,21.4,35.7,26.977015489348354,60.0,0.0,8.6,1.0,2023-10
2023-10-31,22.1,35.8,26.977015489348354,60.0,0.0,8.8,1.0,2023-10
2023-11-01,22.6,33.2,26.977015489348354,70.0,0.0,7.9,1.0,2023-11
2023-11-02,23.0,34.2,26.977015489348354,67.0,19.50072358900145,3.5,1.0,2023-11
2023-11-03,23.4,36.0,26.977015489348354,67.0,0.0,6.2,1.0,2023-11
2023-11-04,23.8,34.2,26.977015489348354,71.0,0.8,3.3,1.0,2023-11
2023-11-05,23.2,32.260091925508526,26.977015489348354,61.0,19.50072358900145,2.9,1.0,2023-11
2023-11-06,23.796568316950104,36.0,26.977015489348354,63.0,0.0,7.9,1.0,2023-11
2023-11-07,22.2,32.260091925508526,26.977015489348354,57.0,0.0,8.3,1.0,2023-11
2023-11-08,22.8,32.260091925508526,26.977015489348354,60.0,0.0,9.3,0.0,2023-11
2023-11-09,23.2,32.260091925508526,26.977015489348354,58.0,0.0,8.6,0.0,2023-11
2023-11-10,22.4,36.4,26.977015489348354,62.0,0.0,7.7,0.0,2023-11
2023-11-11,24.0,36.2,26.977015489348354,63.0,0.0,7.4,1.0,2023-11
2023-11-12,23.6,35.6,26.977015489348354,64.0,0.0,6.8,1.0,2023-11
2023-11-13,23.6,32.260091925508526,26.977015489348354,61.0,0.0,6.7,1.0,2023-11
2023-11-14,23.8,36.0,26.977015489348354,65.0,0.0,8.0,1.0,2023-11
2023-11-15,23.6,32.260091925508526,26.977015489348354,60.0,19.50072358900145,6.0,1.0,2023-11
2023-11-16,25.4,36.0,26.977015489348354,64.0,0.0,7.9,0.0,2023-11
2023-11-17,24.2,32.0,29.8,74.0,0.0,5.7,1.0,2023-11
2023-11-18,24.0,29.0,28.8,83.0,29.2,4.4,0.0,2023-11
2023-11-19,24.6,35.4,26.977015489348354,73.0,8.6,4.4,1.0,2023-11
2023-11-20,23.6,35.4,26.977015489348354,67.0,15.5,6.2,1.0,2023-11
2023-11-21,24.4,35.2,26.977015489348354,61.0,0.0,6.9,1.0,2023-11
2023-11-22,23.4,35.8,26.977015489348354,62.0,0.0,8.3,1.0,2023-11
2023-11-23,25.0,30.0,26.977015489348354,69.0,1.7,7.4,0.0,2023-11
2023-11-24,24.8,33.4,28.9,78.0,19.50072358900145,6.4,0.0,2023-11
2023-11-25,23.8,34.8,29.7,75.0,4.5,2.4,0.0,2023-11
2023-11-26,24.2,33.2,29.4,78.0,19.50072358900145,3.8,1.0,2023-11
2023-11-27,24.0,35.6,26.977015489348354,71.0,1.0,1.3,1.0,2023-11
2023-11-28,24.5,34.8,28.3,79.0,0.0,5.6,1.0,2023-11
2023-11-29,22.2,35.0,26.977015489348354,67.0,34.0,3.5,0.0,2023-11
2023-11-30,24.4,32.260091925508526,28.7,80.0,0.0,8.1,1.0,2023-11
